﻿DROP DATABASE IF EXISTS projetlo54;
CREATE DATABASE IF NOT EXISTS projetlo54 CHARACTER SET utf8mb4 COLLATE utf8mb4_0900_ai_ci;
use projetlo54;

DROP TABLE IF EXISTS CLIENT_ROLE;
DROP TABLE IF EXISTS CLIENT_COURSE_SESSION;
DROP TABLE IF EXISTS CLIENT;
DROP TABLE IF EXISTS ROLE;
DROP TABLE IF EXISTS COURSE_SESSION;
DROP TABLE IF EXISTS COURSE;
DROP TABLE IF EXISTS LOCATION;

CREATE TABLE IF NOT EXISTS LOCATION (
	id_location int NOT NULL AUTO_INCREMENT,
	city varchar(50) NOT NULL,
	PRIMARY KEY (id_location)
);

CREATE TABLE IF NOT EXISTS COURSE (
	code_course varchar(4) NOT NULL,
	title varchar(80) NOT NULL,
	PRIMARY KEY (code_course)
);

CREATE TABLE IF NOT EXISTS COURSE_SESSION (
	id_course_session int NOT NULL AUTO_INCREMENT,
	start_date DATE NOT NULL,
	end_date DATE NOT NULL,
	max_student int,
	code_course varchar(4) NOT NULL,
	id_location int NOT NULL,
	PRIMARY KEY (id_course_session),
	FOREIGN KEY (code_course) REFERENCES COURSE (code_course),
	FOREIGN KEY (id_location) REFERENCES LOCATION (id_location)
);

CREATE TABLE IF NOT EXISTS ROLE (
	id_role int NOT NULL AUTO_INCREMENT,
	name_role varchar(30) NOT NULL,
	PRIMARY KEY (id_role)
);

CREATE TABLE IF NOT EXISTS CLIENT (
	id_client int NOT NULL AUTO_INCREMENT,
	username varchar(30) NOT NULL,
	password varchar(64) NOT NULL,
	lastname varchar(30) NOT NULL,
	firstname varchar(30) NOT NULL,
	address varchar(60),
	phone varchar(10),
	email varchar(30) NOT NULL,
	PRIMARY KEY (id_client)
);

CREATE TABLE IF NOT EXISTS CLIENT_COURSE_SESSION (
	clients_id_client int NOT NULL,
	courseSession_id_course_session int NOT NULL,
	FOREIGN KEY (clients_id_client) REFERENCES CLIENT (id_client),
	FOREIGN KEY (courseSession_id_course_session) REFERENCES COURSE_SESSION (id_course_session),
	PRIMARY KEY (clients_id_client,courseSession_id_course_session)	
);

CREATE TABLE IF NOT EXISTS CLIENT_ROLE (
	clients_id_client int NOT NULL,
	roles_id_role int NOT NULL,
	FOREIGN KEY (clients_id_client) REFERENCES CLIENT (id_client),
	FOREIGN KEY (roles_id_role) REFERENCES ROLE (id_role),
	PRIMARY KEY (clients_id_client,roles_id_role)
);

INSERT INTO COURSE VALUES ("LO54","Java Enterprise Applications Architectures and Development Frameworks");
INSERT INTO COURSE VALUES ("IN54","Reconnaissance des formes");
INSERT INTO COURSE VALUES ("LI00","Italien vrai débutant");

INSERT INTO LOCATION VALUES (NULL,"Belfort");
INSERT INTO LOCATION VALUES (NULL,"Montbéliard");
INSERT INTO LOCATION VALUES (NULL,"Sevenans");
INSERT INTO LOCATION VALUES (NULL,"Besançon");

INSERT INTO COURSE_SESSION VALUES (NULL,'2019-09-09','2019-09-13',20,"LO54",1);
INSERT INTO COURSE_SESSION VALUES (NULL,'2019-09-14','2019-09-23',30,"LO54",1);
INSERT INTO COURSE_SESSION VALUES (NULL,'2019-09-16','2019-09-23',20,"LO54",2);
INSERT INTO COURSE_SESSION VALUES (NULL,'2019-12-31','2020-01-10',20,"LO54",4);
INSERT INTO COURSE_SESSION VALUES (NULL,'2019-12-09','2019-12-20',20,"LO54",3);
INSERT INTO COURSE_SESSION VALUES (NULL,'2019-09-12','2019-09-24',20,"IN54",1);
INSERT INTO COURSE_SESSION VALUES (NULL,'2019-09-12','2019-09-24',20,"IN54",4);
INSERT INTO COURSE_SESSION VALUES (NULL,'2019-09-13','2019-09-27',20,"IN54",3);
INSERT INTO COURSE_SESSION VALUES (NULL,'2019-09-08','2019-09-10',20,"LI00",3);
INSERT INTO COURSE_SESSION VALUES (NULL,'2019-09-12','2019-09-14',20,"LI00",3);
INSERT INTO COURSE_SESSION VALUES (NULL,'2019-09-15','2019-09-15',20,"LI00",3);